resume_id,score,score_reasoning
10089434,37,"Systems administrator/IT technician focused on Active Directory, Exchange, VMware, networking and security with PowerShell/VBScript scripting and some Azure/Office 365. No software development, C#/.NET, JavaScript framework or SQL development experience."
10247517,33,"IT manager with long background in network engineering, hardware, servers and infrastructure management. No software development, C#/.NET, web development or SQL programming experience."
10265057,34,"RF systems/hardware engineer working on RF and microwave design, PCB layout and test; lists C/C++, Python, Java, Matlab and LabView. Not a software developer and no C#/.NET, web frameworks or SQL Server experience."
10553553,34,"IT manager running a small local IT team (Active Directory, Exchange, hardware, client support) with some Scrum/Waterfall project exposure. No hands-on software development, C#/.NET or JavaScript work."
10641230,38,"IT management/computer repair professional with A+ certification; took Java and web development classes and programmed a small cloud storage website using HTML/CSS/PHP/JavaScript. Mostly hardware and troubleshooting; no C#/.NET, SQL Server or professional development experience."
10839851,32,"Entry-level IT specialist seeking information assurance/cyber defense work; experience is desktop support, Active Directory accounts, Cisco hardware and ticketing (Remedy). No programming, .NET or SQL experience."
10840430,32,"Air Force IT/cybersecurity branch chief focused on INFOSEC/NETOPS, equipment requirements and team leadership. No software development, C#/.NET, JavaScript or SQL experience."
11580408,34,"IT coordinator/network engineer (AVP/Director of IT) with Microsoft and A+ certifications, Cisco networking and a Microsoft SQL 2000 design/administration certificate. Infrastructure-focused; no C#/.NET or web application development."
11584809,32,"Manager of IT and building automation systems; network engineering, Windows Server/VMware/Exchange administration and PMP project management, Navy IT background. No software development, C#/.NET or SQL programming."
11957080,36,"Lead IT support specialist doing help desk and systems administration, Crystal Reports and supporting SQL-compliant database software; took a course on ASP.NET web applications. No professional C#/.NET development, JavaScript framework or CI/CD experience."
12045067,33,"Army IT specialist/project engineer designing LANs, telecommunications and network infrastructure projects. Networking and telecom domain with no software development, C#/.NET or SQL work."
12334140,12,"Production associate resume (largely cover-letter template text) with general office, bookkeeping and Novell/MS-DOS-era help desk skills. No software engineering, C#/.NET, JavaScript or SQL experience."
12635195,38,"IT instructor and school technology coordinator who teaches C#, Python, Java, Visual Basic and JavaScript programming courses. Teaching rather than professional development; no ASP.NET, SQL Server, web framework or industry engineering experience."
12763627,76,"ASP.NET web developer with roughly 3 years as a software engineer (2011-2014) plus an ongoing ASP.NET MVC role during a CS master's: C#, ASP.NET 4.0/MVC 4, SQL Server 2005/2008, JavaScript/jQuery, Bootstrap, SharePoint, TFS/GitHub and code reviews. Short of 5+ years and lacks React/Angular/Vue, Entity Framework, CI/CD and AWS."
12904972,10,"Continuous improvement manager and aircraft maintenance technician (airframe and powerplant, Six Sigma, fiber optics repair). Unrelated to software; no programming, .NET or SQL."
13385306,62,"Director of IT who has also coded: rewrote a utility/security library from VB.NET to C#, maintains an ASP.NET + SQL Server application, and led C# legacy-replacement and Oracle PL/SQL teams over ~20 years. Primarily a manager/DBA with dated classic ASP/VB.NET work; no React/Angular, modern JavaScript, CI/CD or AWS."
13405733,35,"Director of IT with 13 years of leadership over infrastructure, application support and cybersecurity; lists SQL (Microsoft and Oracle), Python, Perl and Agile. Management role with no hands-on C#/.NET or web development."
13477922,32,"IT specialist handling wired/wireless networks, user PCs, email and phone setup; A+, CCNA, MCSE certifications. No programming, .NET or SQL development."
13836471,38,"IT manager doing Windows Server/Active Directory/Exchange and network administration who also maintained PowerBuilder desktop applications and administered Sybase SQL Anywhere and Microsoft SQL Server 2000 databases. No C#/.NET, JavaScript framework or modern web development."
14496667,8,"Accountant I with business management degree and experience in disability services, HR and finance; Microsoft Office and PeopleSoft user. No software development or SQL."
14789139,33,"Director of IT / senior project manager with 25 years managing healthcare, government and aerospace projects (MS Project, PeopleSoft implementations). No hands-on programming, C#/.NET or SQL development."
15118506,34,"Director of IT managing Windows Server, Exchange, VMware/Hyper-V, Cisco UCM and help desk for a multi-site retail business. Infrastructure management only; no software development, .NET or SQL programming."
15297298,20,"Healthcare practice manager with an MBA, compliance and budgeting experience and some network/backup administration (CCNA, Backup Exec). Not a software developer; no C#/.NET, JavaScript or SQL."
15651486,33,"Director of IT specializing in Cisco networking, VoIP, firewalls and Windows/Linux servers. Networking domain with no software development, .NET or SQL programming."
15791766,31,"Project manager/technical support professional handling help desk calls, Active Directory, SCCM, printers and VOIP. No programming, C#/.NET or SQL experience."
15802627,32,"Senior VP and CIO focused on network security, IT operations and business process improvement. Executive infrastructure role with no hands-on software development, .NET or SQL."
16186411,72,"About 2 years as a graduate-assistant .NET developer (2014-2016): C#, ASP.NET/ASP.NET MVC, Entity Framework, LINQ, ADO.NET, SQL Server stored procedures, JavaScript/jQuery, Bootstrap, GitHub and Scrum. Right stack but junior; no React/Angular, CI/CD or AWS."
16533554,33,"IT manager/network engineer with 16 years of Windows server, Exchange, Citrix and network infrastructure work. No software development, C#/.NET or SQL programming."
16899268,38,"IT/web development manager who directed teams of project managers and programmers and led a graduate college IT team for eight years. Program/project management rather than hands-on coding; no specific C#/.NET, JavaScript framework or SQL skills cited."
17111768,31,"DoD IT project manager/systems analyst (GS-2210) focused on support agreements, cost estimates and financial reporting. No software development, .NET or SQL work."
17641670,32,"IT specialist focused on networking, security and desktop/server support (A+, CCNA, Citrix, Active Directory). No programming, C#/.NET or SQL development."
17658471,4,AVID tutor with a human services and counseling degree; academic mentoring and instruction. No technical or software experience.
17681064,31,"IT senior manager/director with 15+ years in vendor management, contract negotiation and change management, plus an MBA. No hands-on software development, C#/.NET or SQL."
17688766,33,"Director of IT focused on network operations, Windows Server, Exchange, Citrix and Active Directory, with some SQL and Hyper-V exposure. Infrastructure management, no C#/.NET or web development."
17987433,22,"Bio-pharma lab scientist (HPLC, PCR, method validation) with a brief Epic EHR go-live support role and SAS programming. Not a software engineer; no C#/.NET, JavaScript or SQL Server."
18067556,45,"Master data manager/BI professional writing SQL views and stored procedures (SSRS, SSIS, SSAS), with VBA, VB.NET, Python, PowerBI and familiarity with AWS/Azure. Data analysis and ERP focus rather than C#/.NET web application development; no JavaScript framework."
18159866,32,"Senior VP of global IT/CIO managing large IT environments and system implementations. Executive role with no hands-on software development, .NET or SQL."
18176523,32,"Senior IT manager with 22 years of infrastructure leadership (Cisco, Citrix, Exchange, Active Directory, network security). No software development, C#/.NET or SQL programming."
18187364,44,"Oracle DBA and information security officer (OCP, CISSP, CISM) with ~20 years writing SQL and PL/SQL, tuning queries and training developers, plus early programmer/analyst work. Database/security domain; no C#/.NET, JavaScript or web application development."
18301617,32,"IT manager with fifteen years of server, network and technical support management (Active Directory, Backup Exec, Cisco). No software development or C#/.NET."
18752129,18,"Former IT analyst now pursuing early childhood education; skills are teaching, art and childcare. No software development, .NET or SQL."
19201175,32,"Recent-graduate IT specialist doing hardware/software support and patching, hoping to move toward database administration. No C#/.NET, JavaScript or development experience."
19796840,36,"IT auditor and former PeopleSoft technical analyst using SQL Developer, TOAD and PeopleTools for audits, testing and application support. No C#/.NET, ASP.NET or JavaScript web development."
19850482,32,"Senior VP of IT for a financial firm managing Active Directory, Bloomberg/Fidessa trading systems, budgets and support staff. No hands-on software development, .NET or SQL."
20001721,36,"IT student/aspiring database administrator with education in SQL, SQL Server, VBA and Visual Studio and some object-oriented application design. Little professional experience and no C#/.NET web or JavaScript framework work."
20024870,28,"MBA graduate seeking a business analyst role, with an IT internship and a skills list naming SQL, PHP, Java, C# and Visual Basic without professional use. No real software development experience."
20237244,33,"Information security analyst with 16 years in intrusion detection, cyber operations and system administration (Wireshark, Snort, Bash). No C#/.NET, web or SQL development."
20408458,31,"IT support specialist/PC technician building and repairing computers and providing help desk support. No programming, .NET or SQL experience."
20674668,60,"Lead Drupal developer with ~5 years of PHP, JavaScript/jQuery, HTML5/CSS3 front- and back-end work, plus earlier Java/Struts, COBOL and Oracle PL/SQL development. Software developer on the wrong stack: no C#/.NET, ASP.NET, React/Angular or SQL Server."
20824105,40,"IT and AWS admin intern (AWS Certified Solutions Architect - Associate) who migrated infrastructure to AWS, with network engineering background and academic Python socket programming. No C#/.NET, JavaScript or SQL development experience."
20879311,34,"Director of IT and analytics focused on information security risk management, Windows Server, Exchange and Cisco networking. No hands-on software development or C#/.NET."
21283365,31,"Director of IT managing a 24x7 IT organization and SaaS environment with staff and vendor leadership. No software development, .NET or SQL."
21780877,31,"Air Force IT specialist (GS11) managing communications networks, circuits and alarm systems; licensed electrician. No software development or SQL."
22450718,35,"Systems administrator with UNIX/Linux monitoring, LDAP and working knowledge of J2EE application servers and Oracle. Support and administration, not development; no C#/.NET or JavaScript."
22732234,6,Customer service representative with a criminal justice/public safety background. No software or technical experience.
22776912,34,"Director of IT/CTO covering infrastructure, telecom, security and compliance, with SQL data repositories and data integration oversight. Executive role with no hands-on C#/.NET or web development."
23497307,18,"Engineering project manager for hotel door lock installations and former ad traffic coordinator; uses Microsoft AX and some agile project methods. No software development, C#/.NET or SQL."
23527321,33,"Head of IT with 20+ years leading SAP centers of excellence and business process re-engineering at Fortune 500 companies. No hands-on programming, .NET or SQL."
23666211,8,Training manager with 10+ years of curriculum and leadership development and MS Office expertise. No software development or SQL.
23864648,32,"VP of IT infrastructure operations with 20 years in data center operations, disaster recovery and vendor management. No software development or C#/.NET."
24020470,31,"IT field service technician installing and repairing point-of-sale equipment, servers and networks. No programming, .NET or SQL."
24038620,31,"IT director for a law firm for 16 years managing voice/data communications, document management and security. No software development, .NET or SQL."
24083609,31,"Retired information assurance/security certification specialist for Army Medical Command, also clerk typist. No software development or SQL."
24230851,7,"Customer service representative and contact center supervisor (Avaya, Siebel, Verint). No software development experience."
24889109,32,"Army IT specialist managing LAN/WAN, routers, firewalls and Active Directory in combat deployments (Security+). No programming, .NET or SQL."
24913648,32,"Network administrator installing and supporting multi-site networks, servers and help desk. No software development, C#/.NET or SQL."
25207620,31,"Senior technical support/desktop support analyst with 19 years of hardware and software support (A+, MCSE). No programming, .NET or SQL."
25857360,9,"Staff assistant providing administrative support (calendaring, data entry) in an Office of Information Technology. No software development."
25905275,26,"Customer service representative with a stint as a Windows 7 support desk technician (Remedy ticketing). No programming, .NET or SQL experience."
25959103,34,"Desktop support lead/IT administrator with 14+ years of Tier II-III support, including installing and troubleshooting an MS SQL-based correspondence database. No C#/.NET or web development."
25990239,33,"IT instructor with experience in curriculum design, computer-based training and HTML/web design tools (Dreamweaver, Flash). No C#/.NET, SQL or professional software engineering."
26480367,31,"IT specialist doing desktop support, Active Directory and Windows Server installs. No programming, .NET or SQL."
26746496,72,"About 2 years as a graduate-assistant .NET developer (2014-2016) building ASP.NET/ASP.NET MVC apps in C# with Entity Framework, LINQ, SQL Server stored procedures, JavaScript/jQuery, GitHub and Scrum. Right stack but junior; no React/Angular, CI/CD or AWS."
26768723,31,"Support and network services intern doing Windows/Linux installation, VMware and hardware troubleshooting. No software development, .NET or SQL."
26801767,34,"IT director with 30 years in port and higher-education IT, technical architecture and data processing, with early COBOL and dBase experience. No modern C#/.NET, JavaScript or SQL Server development."
27058381,32,"System administrator with extensive security training (firewalls, VPNs, Windows Server 2008). No software development, .NET or SQL."
27295996,33,"IT director managing Citrix, VMware, Active Directory, Dynamics GP/CRM and infrastructure, with only an intro-to-SQL course. No C#/.NET or web development."
27372171,32,"IT specialist/system analyst with 10+ years of federal IT support, network operations and security (CCNA, Security+). No programming, .NET or SQL development."
27485716,30,"Corporate technology project manager with SDLC, procurement and POS/Windows server upgrade projects. No hands-on programming, C#/.NET or SQL."
27536013,36,"IT manager over business intelligence, ERP/CRM and reporting systems who led MS SQL-to-Oracle database upgrades and managed offshore teams. Management of data systems; no C#/.NET or JavaScript development."
27770859,32,"IT administrator ('jack of all trades') at a law school handling Windows/Mac/Linux systems, Active Directory and help desk. No software development, .NET or SQL."
28035460,33,"Chemical engineer turned IT specialist supporting electronic health records systems, network management and databases, with some assistance in software development. No C#/.NET, JavaScript framework or SQL Server experience."
28126340,62,"9+ years as a client/server and web developer using Transact-SQL, PL/SQL, classic ASP, ASP.NET 2.0, JavaScript and MS SQL Server 2000/2005 (plus PHP/MySQL), now an IT coordinator. Dated stack with no C#, modern JavaScript framework, Entity Framework, CI/CD or AWS."
28672970,34,"Director of IT/project manager with 20+ years overseeing ERP, networking and software development efforts. Management focus; no hands-on C#/.NET or SQL."
28697203,36,"IT project manager/scrum leader with 7 years running Agile/SAFe teams and release management for software applications. Not a developer; no C#/.NET, JavaScript or SQL skills."
28897981,36,"IT specialist (web) and systems analyst in government who prototyped a LAMP (Linux, Apache, MySQL, PHP) asset tracking system and manages SharePoint/content. No C#/.NET or modern JavaScript framework."
28973180,10,Civil engineer/construction project manager seeking an administrative or sales/finance role; AutoCAD and estimating skills. No software development.
29051656,47,"DBA with 6+ years supporting Oracle, SQL Server and MySQL databases and AWS infrastructure (RDS, EC2, Database Migration Service), with SQL/PL/SQL tuning. Database administration rather than C#/.NET or JavaScript application development."
29075857,40,"QA/test and planning lead (adjunct instructor) with SDLC, acceptance testing, HP Quality Center, Oracle SQL and MS Access experience. QA and process domain; no C#/.NET or web development."
29975124,45,"Utility applications consultant with past senior programmer work in Uniface, PL/SQL, Visual Basic and Oracle/SQL Server, now focused on application support and system administration. No C#/.NET, JavaScript framework or modern web development."
30223363,42,"Business systems analyst writing SQL against MS SQL Server, Oracle and Netezza for marketing data, with coursework-level C++, Java, Perl and PHP. Analysis rather than C#/.NET application development."
31111279,28,"IT PMO manager in healthcare (PMP) overseeing portfolios of project managers and business analysts. No hands-on software development, .NET or SQL."
31243710,34,"IT manager with ten years each of management and network engineering/systems administration (Cisco IOS, Exchange, CCNA). No software development, .NET or SQL."
31761591,5,Membership sales representative and front-desk/customer service manager. No software or technical experience.
32605413,5,Operational chef resume (largely template text) with Army logistics and supervision background. No software development.
32959732,33,"Senior director of IT with expertise in ERP implementations (Sage, Great Plains, SAP Business One), networks and cloud services. No hands-on C#/.NET or SQL development."
33241454,31,"Army IT supervisor with 5 years setting up and troubleshooting communications and IT equipment (Security+). No programming, .NET or SQL."
33381211,68,"VP of IT/software engineering with 20+ years who earlier led .NET C#, WCF and SQL Server architecture and now leads re-platforming to AWS microservices with Agile teams. Senior executive rather than a hands-on full-stack developer; no recent coding or React/Angular evidence."
35325329,31,"Assistant IT director focused on portfolio, program and project management for health and human services systems. No software development, .NET or SQL."
36434348,48,"IT manager at a college with earlier experience as a programmer analyst and system analyst writing Oracle SQL/PL/SQL, Crystal Reports and Visual Basic tools; lists ASP.NET and SQL Server. Mostly management and support; no C#, modern JavaScript framework or recent development."
36856210,32,"Information assurance professional with long enterprise infrastructure experience (Active Directory design, RHEL/Windows servers, RMF). No software development, .NET or SQL."
37242217,40,"IT consultant with web design and development (HTML5, CSS, PHP, JavaScript, WordPress) plus MySQL/MS SQL and systems administration. Mostly consulting/admin; no C#/.NET or React/Angular."
37764298,31,"Small-business IT consultant doing basic network setup, computer repair and software installs. No programming, .NET or SQL."
38753827,32,"VP of IT building infrastructure organizations (Active Directory, Exchange, backup, security, compliance). No hands-on software development, .NET or SQL."
39413067,42,"Freelance IT consultant doing server administration and support, with an applied science degree in application development (C#, C++, Java, PHP, SQL, Visual Basic) and some software/mobile development. Mostly support work; no professional ASP.NET, JavaScript framework or SQL Server development."
39718499,5,Assistant football coach and recent business/marketing graduate. No technical or software experience.
40018190,31,"IT support/help desk technician with an MIS degree, Active Directory and SAP support, and some web page design. No C#/.NET or SQL development."
41344156,55,"VP of IT with 18 years of experience who earlier built an electronic data processing system and an ETL commissions database using Visual Studio, ASP.NET, VB.NET and SQL Server. Now an infrastructure/executive leader; no C#, modern JavaScript framework, CI/CD or AWS."
46260230,31,"IT specialist with 10+ years of PC repair, hardware/software installation and network support. No software development, .NET or SQL."
48037995,6,Staff pharmacist (PharmD) with nine years of retail pharmacy experience. No software development.
51363762,35,"IT specialist with 29 years in telecommunications and procurement/COR roles, including early COBOL and ADA programming. No modern C#/.NET, JavaScript or SQL development."
51639418,33,"IT bureau deputy director running data center operations (IBM z/OS mainframe, DB2, VMware, Windows). Management and infrastructure; no C#/.NET or web development."
52246737,32,"IT provisioning technician and information security/governance leader with 5 years of IT and security experience. No software development, .NET or SQL."
52618188,31,"IT help desk specialist supporting Windows, Active Directory, SAP, Oracle and PeopleSoft users, with business analysis skills. No programming, .NET or SQL development."
57002858,31,"IT manager for a firm handling budgets, firewalls, GroupWise/Exchange and an accounting system upgrade. No software development or SQL."
58105060,7,"Middle school math teacher skilled in curriculum design and classroom technology (Mathematica, Prezi). No software development."
64017585,32,"IT consultant/managing member doing user interaction design, IT support and email migration to Google cloud, with digital media skills. No C#/.NET, JavaScript framework or SQL development."
66832845,33,"IT specialist doing help desk, Active Directory, Exchange, Linux/Unix administration with VBScript, Visual Basic and PowerShell scripting. No C#/.NET or web development."
68460556,22,"IT management graduate and ASL tutor whose IT internship involved building an Excel interface to databases and classroom tech support. No software development, .NET or SQL."
70089206,48,"IT specialist in software configuration management and QA who previously developed software in Pro*C, PL/SQL, Oracle, JavaScript, SAS and Visual Basic. No C#/.NET, ASP.NET or modern JavaScript framework experience."
79541391,37,IT assistant/SAP data SME who writes SQL and MS Access queries and built a document management site with VBScript and ASP.NET. Data and inventory support role; no professional C# or JavaScript framework development.
81761658,32,"IT manager administering infrastructure, Windows Server, Cisco, Citrix and help desk, plus budgets and audits. No software development, .NET or SQL."
83816738,66,"Java full-stack developer with ~3 years using Java/J2EE, Spring Boot microservices, Hibernate, AngularJS/ReactJS, MySQL/PostgreSQL/Oracle, Git, Jenkins, AWS and Agile, plus test automation. Wrong back-end stack: no C#/.NET, ASP.NET, Entity Framework or SQL Server."
89413122,22,"Operations research analyst/project manager for radiation detection equipment testing with DHS and NYPD. No software development, .NET or SQL."
90867631,32,"IT specialist with Microsoft, Network+, A+ and Security+ certifications focused on Windows administration and support. No software development, .NET or SQL."
91121135,8,"Administrative assistant/HR and production office manager (KRONOS, SAP, PeopleSoft user). No software development."
91635250,31,"IT specialist setting up workstations, end-user support and hardware/software installation. No programming, .NET or SQL."
91697974,14,"Paralegal with legal research experience (LexisNexis, Westlaw) despite an IT coordinator title. No software development, .NET or SQL."
92069209,32,"Director of IT managing IBM mainframe, Exchange, networks and help desk support. No hands-on software development, .NET or SQL."
95011061,9,Healthcare field manager and ACA navigator with Meditech/EMR and CPT/ICD-10 knowledge. No software development.
g01,95,"Senior full-stack engineer with 8 years of C#/.NET Core, ASP.NET Web API/MVC, Entity Framework Core, React (TypeScript) and Angular, plus SQL Server and PostgreSQL. AWS (ECS, Lambda, S3, EC2; AWS Certified Developer), microservices, Docker, CI/CD via Azure DevOps, Git, OAuth/JWT security and Agile/Scrum; matches nearly every requirement."
g02,97,"10 years building enterprise apps with C#/.NET 6, ASP.NET Core, Entity Framework Core, React and Vue.js, with deep SQL Server/T-SQL and Oracle/PostgreSQL experience. Lead engineer on AWS-hosted microservices (ECS, RDS, CloudFormation) with Docker, Jenkins CI/CD, Git and Scrum; matches essentially all required and preferred skills."
s01,71,"Junior developer with only 1.5 years of experience (including an internship) on the right stack: C#, ASP.NET Core (basic), JavaScript, React (basic), SQL Server queries, xUnit, Git and Scrum. Far short of the 5+ years required; no AWS, Entity Framework, CI/CD or microservices experience."
s02,73,"Senior front-end specialist with 10 years of JavaScript/TypeScript, React, Next.js, Node.js and GraphQL at Shopify and HubSpot, with Git and strong testing. No C#/.NET, ASP.NET, Entity Framework or SQL database experience, so the back-end half of the role is missing."
